{"cameraMode":{"drawMode":0,"name":"Shaded","section":"Shading Mode"},"sceneLighting":true,"audioPlay":false,"sceneViewState":{"m_AlwaysRefresh":false,"showFog":true,"showSkybox":true,"showFlares":true,"showImageEffects":true,"showParticleSystems":true,"showVisualEffectGraphs":true,"m_FxEnabled":true},"in2DMode":false,"pivot":{"x":-17.853065490722658,"y":-24.089439392089845,"z":17.89922332763672},"rotation":{"x":-0.32948756217956545,"y":0.41756099462509158,"z":-0.16567039489746095,"w":-0.8304458856582642},"size":36.781761169433597,"orthographic":false}